{
  "hash": "7a531185",
  "configHash": "a3a5439b",
  "lockfileHash": "a716ea19",
  "browserHash": "ad312c4f",
  "optimized": {
    "@angular/common": {
      "src": "../../../../../../node_modules/@angular/common/fesm2022/common.mjs",
      "file": "@angular_common.js",
      "fileHash": "c606ba43",
      "needsInterop": false
    },
    "@angular/common/http": {
      "src": "../../../../../../node_modules/@angular/common/fesm2022/http.mjs",
      "file": "@angular_common_http.js",
      "fileHash": "9def1d8a",
      "needsInterop": false
    },
    "@angular/core": {
      "src": "../../../../../../node_modules/@angular/core/fesm2022/core.mjs",
      "file": "@angular_core.js",
      "fileHash": "1c78cfcb",
      "needsInterop": false
    },
    "@angular/forms": {
      "src": "../../../../../../node_modules/@angular/forms/fesm2022/forms.mjs",
      "file": "@angular_forms.js",
      "fileHash": "54a0405b",
      "needsInterop": false
    },
    "@angular/platform-browser": {
      "src": "../../../../../../node_modules/@angular/platform-browser/fesm2022/platform-browser.mjs",
      "file": "@angular_platform-browser.js",
      "fileHash": "9526de50",
      "needsInterop": false
    },
    "@angular/router": {
      "src": "../../../../../../node_modules/@angular/router/fesm2022/router.mjs",
      "file": "@angular_router.js",
      "fileHash": "97199be7",
      "needsInterop": false
    }
  },
  "chunks": {
    "chunk-P2THJSOA": {
      "file": "chunk-P2THJSOA.js"
    },
    "chunk-MKB72TFJ": {
      "file": "chunk-MKB72TFJ.js"
    },
    "chunk-3MZQG37H": {
      "file": "chunk-3MZQG37H.js"
    },
    "chunk-VBBQ2GWJ": {
      "file": "chunk-VBBQ2GWJ.js"
    },
    "chunk-MHVRFEGU": {
      "file": "chunk-MHVRFEGU.js"
    }
  }
}