{
  "hash": "62e3e901",
  "configHash": "a3a5439b",
  "lockfileHash": "8f5b6ed7",
  "browserHash": "8a497feb",
  "optimized": {
    "@angular/common": {
      "src": "../../../../../../node_modules/@angular/common/fesm2022/common.mjs",
      "file": "@angular_common.js",
      "fileHash": "af56d92a",
      "needsInterop": false
    },
    "@angular/common/http": {
      "src": "../../../../../../node_modules/@angular/common/fesm2022/http.mjs",
      "file": "@angular_common_http.js",
      "fileHash": "1d6bcd74",
      "needsInterop": false
    },
    "@angular/core": {
      "src": "../../../../../../node_modules/@angular/core/fesm2022/core.mjs",
      "file": "@angular_core.js",
      "fileHash": "81e68a8b",
      "needsInterop": false
    },
    "@angular/forms": {
      "src": "../../../../../../node_modules/@angular/forms/fesm2022/forms.mjs",
      "file": "@angular_forms.js",
      "fileHash": "b50c2d22",
      "needsInterop": false
    },
    "@angular/platform-browser": {
      "src": "../../../../../../node_modules/@angular/platform-browser/fesm2022/platform-browser.mjs",
      "file": "@angular_platform-browser.js",
      "fileHash": "64450777",
      "needsInterop": false
    },
    "@angular/router": {
      "src": "../../../../../../node_modules/@angular/router/fesm2022/router.mjs",
      "file": "@angular_router.js",
      "fileHash": "3048a0ec",
      "needsInterop": false
    }
  },
  "chunks": {
    "chunk-VPXJGRUF": {
      "file": "chunk-VPXJGRUF.js"
    },
    "chunk-AIRIEBLI": {
      "file": "chunk-AIRIEBLI.js"
    },
    "chunk-ENLQZX55": {
      "file": "chunk-ENLQZX55.js"
    },
    "chunk-VV3Y44W4": {
      "file": "chunk-VV3Y44W4.js"
    },
    "chunk-MHVRFEGU": {
      "file": "chunk-MHVRFEGU.js"
    }
  }
}